3638,BE
2304,NE
2303,NE
2301,NE
2300,NE
3631,BE
3632,BE
3633,BE
3634,BE
3635,BE
3636,BE
2316,NE
2314,NE
3645,BE
3646,BE
3647,BE
2318,NE
3661,BE
3662,BE
1000,VD
2325,NE
2322,NE
3652,BE
3653,BE
3654,BE
3655,BE
3656,BE
3657,BE
3658,BE
3671,BE
3672,BE
3673,BE
1011,VD
1010,VD
2340,JU
1008,VD
1007,VD
2338,JU
1006,VD
1005,VD
2336,JU
1004,VD
1003,VD
1002,VD
2333,BE
1001,VD
3663,BE
3664,BE
3665,BE
1009,VD
1022,VD
2353,JU
1020,VD
2350,JU
1019,VD
1018,VD
6707,TI
1017,VD
1015,VD
1014,VD
2345,BE
1012,VD
3674,BE
6702,TI
6703,TI
6705,TI
6720,TI
1033,VD
2364,JU
1032,VD
2363,JU
1031,VD
2362,JU
1030,VD
2360,JU
6719,TI
1029,VD
6718,TI
1028,VD
1027,VD
1026,VD
1025,VD
1024,VD
1023,VD
2354,JU
6710,TI
6713,TI
6715,TI
6714,TI
6717,TI
6716,TI
5400,AG
1044,VD
1043,VD
1042,VD
1041,VD
1040,VD
1039,VD
1038,VD
1037,VD
1036,VD
1035,VD
1034,VD
6722,TI
6721,TI
6724,TI
6723,TI
6742,TI
1055,VD
1054,VD
1053,VD
1052,VD
1047,VD
1046,VD
1045,VD
5401,AG
5402,AG
5404,AG
5405,AG
5406,AG
5408,AG
5420,AG
1066,VD
1063,VD
1062,VD
1061,VD
1059,VD
1058,VD
6744,TI
5412,AG
6743,TI
5413,AG
6746,TI
6745,TI
5415,AG
6748,TI
5416,AG
6747,TI
5417,AG
6749,TI
6760,TI
5430,AG
6764,TI
4101,BL
5432,AG
6763,TI
4102,BL
1077,VD
1076,VD
1073,VD
1072,VD
1071,VD
1070,VD
1068,VD
5423,AG
5425,AG
5426,AG
1080,VD
6773,TI
6772,TI
5442,AG
6775,TI
4112,SO
5443,AG
6774,TI
5444,AG
1088,VD
1085,VD
1084,VD
1083,VD
1082,VD
1081,VD
1078,VD
4103,BL
4104,BL
4105,BL
5436,AG
4106,BL
4107,BL
4108,SO
1091,VD
6780,TI
1090,VD
6781,TI
5452,AG
5453,AG
4123,BL
5454,AG
4124,BL
1098,VD
1097,VD
1096,VD
1095,VD
1094,VD
1093,VD
1092,VD
6777,TI
4114,SO
5445,AG
6776,TI
4115,SO
4116,SO
4117,BL
4118,SO
5462,AG
4132,BL
5463,AG
4133,BL
5464,AG
5465,AG
5466,AG
4125,BS
4126,BS
4127,BL
4142,BL
8501,TG
4143,SO
8502,TG
4144,BL
4145,SO
8500,TG
4146,SO
5467,AG
4153,BL
8512,TG
8510,TG
8505,TG
4147,BL
8506,TG
4148,BL
8503,TG
8509,TG
8507,TG
8508,TG
8523,ZH
8524,TG
8522,TG
8514,TG
7202,GR
8535,TG
8532,TG
7204,GR
7203,GR
8525,TG
8526,TG
8542,ZH
8545,ZH
7213,GR
8546,TG
7212,GR
8543,ZH
7215,GR
8544,ZH
1908,VS
7214,GR
1907,VS
7206,GR
1906,VS
7205,GR
1905,VS
8536,TG
7208,GR
1904,VS
8537,TG
1903,VS
1902,VS
8552,TG
7220,GR
8553,TG
7222,GR
8556,TG
7224,GR
7223,GR
8554,TG
7226,GR
1919,VS
8555,TG
1918,VS
8547,TG
8548,ZH
1914,VS
1913,VS
1912,VS
1911,VS
7231,GR
8564,TG
8561,TG
7233,GR
7232,GR
7235,GR
8565,TG
8566,TG
8560,TG
1921,VS
1920,VS
1929,VS
7228,GR
1928,VS
1927,VS
8558,TG
1926,VS
1925,VS
1923,VS
1922,VS
8574,TG
7242,GR
8575,TG
7241,GR
8572,TG
7244,GR
8573,TG
7243,GR
7246,GR
7245,GR
8576,TG
8577,TG
7247,GR
8570,TG
7240,GR
1932,VS
1938,VS
1937,VS
1936,VS
1934,VS
1933,VS
8585,TG
8586,TG
7252,GR
8583,TG
8584,TG
8589,TG
8587,TG
8588,TG
8581,TG
8582,TG
8580,TG
7250,GR
1943,VS
1942,VS
1941,VS
7249,GR
1948,VS
1947,VS
1946,VS
1945,VS
1944,VS
8596,TG
8597,TG
8594,TG
8595,TG
7265,GR
8598,TG
8599,TG
8592,TG
7260,GR
8593,TG
8590,TG
1951,VS
1950,VS
1958,VS
1957,VS
1955,VS
7277,GR
7276,GR
7278,GR
7270,GR
7272,GR
1965,VS
1964,VS
1963,VS
1962,VS
1961,VS
1969,VS
1968,VS
1967,VS
1966,VS
1976,VS
1975,VS
1974,VS
1973,VS
1972,VS
1971,VS
1978,VS
1977,VS
1987,VS
1986,VS
1985,VS
1984,VS
1983,VS
1982,VS
1981,VS
1988,VS
9004,SG
9001,SG
9007,SG
9008,SG
9006,SG
9000,SG
1997,VS
1996,VS
1994,VS
1993,VS
1992,VS
1991,VS
9014,SG
9015,SG
9012,SG
9013,SG
9016,SG
9010,SG
9011,SG
3704,BE
3705,BE
3706,BE
3707,BE
3700,BE
3702,BE
3703,BE
9026,SG
9023,SG
9024,SG
9029,SG
9027,SG
9028,SG
9022,SG
9020,SG
3715,BE
3716,BE
3717,BE
3718,BE
3711,BE
3713,BE
3714,BE
9036,SG
9037,AR
9034,SG
9035,AR
9038,AR
9032,SG
9033,SG
9030,SG
3722,BE
3723,BE
3724,BE
3725,BE
9043,AR
9044,AR
9042,AR
2405,NE
2400,NE
2406,NE
9058,AI
9056,AR
9057,AI
9050,AI
9054,AI
9055,AR
9052,AR
9053,AR
2416,NE
2414,NE
9062,AR
9063,AR
9064,AR
3752,BE
3753,BE
3754,BE
3755,BE
3756,BE
3757,BE
3758,BE
3770,BE
3771,BE
3772,BE
1110,VD
3762,BE
3763,BE
3764,BE
3765,BE
3766,BE
3780,BE
3781,BE
3782,BE
3783,BE
1121,VD
6807,TI
1117,VD
6806,TI
1116,VD
6809,TI
1115,VD
6808,TI
1114,VD
1113,VD
1112,VD
3773,BE
3775,BE
3776,BE
6803,TI
3777,BE
6802,TI
3778,BE
6805,TI
6804,TI
3792,BE
1132,VD
1131,VD
6818,TI
1128,VD
6817,TI
1127,VD
1126,VD
1125,VD
1124,VD
1123,VD
1122,VD
6810,TI
3784,BE
3785,BE
6814,TI
6816,TI
6815,TI
6830,TI
1143,VD
1142,VD
1141,VD
6828,TI
1136,VD
1135,VD
1134,VD
6821,TI
6823,TI
6822,TI
6825,TI
6827,TI
6826,TI
6839,TI
1149,VD
1148,VD
1147,VD
1146,VD
1145,VD
1144,VD
6832,TI
6834,TI
5502,AG
6833,TI
5503,AG
6836,TI
5504,AG
6835,TI
5505,AG
6838,TI
5506,AG
6837,TI
5507,AG
6850,TI
6852,TI
1165,VD
1164,VD
1163,VD
1162,VD
5512,AG
6863,TI
6862,TI
1176,VD
1175,VD
1174,VD
1173,VD
1172,VD
1170,VD
1169,VD
1168,VD
1167,VD
1166,VD
6854,TI
5522,AG
6853,TI
5524,AG
6855,TI
5525,AG
6872,TI
6874,TI
6873,TI
1187,VD
1186,VD
1185,VD
1184,VD
1183,VD
1182,VD
1180,VD
6865,TI
4202,BL
6864,TI
4203,BL
6867,TI
4204,SO
6866,TI
4206,SO
4207,BL
4208,SO
6883,TI
4222,BL
4223,BL
1197,VD
1196,VD
1195,VD
1189,VD
1188,VD
6875,TI
6877,TI
4232,SO
4233,SO
4234,SO
4224,BL
4225,BL
4226,SO
4227,SO
4228,SO
4229,SO
8600,ZH
4242,BL
4243,BL
4244,BL
4245,SO
4252,SO
4253,BL
4254,BL
8610,ZH
8604,ZH
4246,BL
8605,ZH
4247,SO
8602,ZH
8603,ZH
8608,ZH
8606,ZH
8607,ZH
8623,ZH
8620,ZH
8615,ZH
8616,ZH
8613,ZH
8614,ZH
8617,ZH
8618,ZH
8630,ZH
8633,ZH
8634,ZH
7303,GR
8632,ZH
7302,GR
8626,ZH
8627,ZH
8624,ZH
8625,ZH
8640,SG
7310,SG
7312,SG
8645,SG
7314,SG
7313,SG
8637,ZH
8638,SG
7304,GR
8635,ZH
7307,GR
8636,ZH
7306,GR
7320,SG
7323,SG
7325,SG
7324,SG
7315,SG
8646,SG
7317,SG
6000,LU
6003,LU
6002,LU
6005,LU
6004,LU
7326,SG
6010,LU
6012,LU
6011,LU
6014,LU
6013,LU
6016,LU
6015,LU
6007,LU
6006,LU
6009,LU
6021,LU
6020,LU
6023,LU
6022,LU
6025,LU
6024,LU
6027,LU
6026,LU
6018,LU
6017,LU
6019,LU
6032,LU
6031,LU
6034,LU
6033,LU
6036,LU
6035,LU
6038,LU
6037,LU
6030,LU
6028,LU
6043,LU
6042,AG
6045,LU
6044,LU
6047,LU
6048,LU
6039,LU
6053,OW
6056,OW
6055,OW
6052,NW
6064,OW
6067,OW
6066,OW
6068,OW
6061,OW
6060,OW
6063,OW
6062,OW
9102,AR
9103,AR
6078,OW
9100,AR
9107,AR
9104,AR
9105,AR
6072,OW
6074,OW
6073,OW
9113,SG
9114,SG
6086,BE
9112,AR
9115,SG
9116,SG
6083,BE
6085,BE
6084,BE
3803,BE
3804,BE
3805,BE
3806,BE
3807,BE
9108,AI
3800,BE
3801,VS
3802,BE
9125,SG
9122,SG
9123,SG
9126,SG
9127,SG
3814,BE
3815,BE
3816,BE
3818,BE
3812,BE
3813,BE
3825,BE
3826,BE
3822,BE
3823,BE
3824,BE
2504,BE
2503,BE
2502,BE
2501,BE
2500,BE
2505,BE
2515,BE
2514,BE
2513,BE
2512,BE
2518,BE
2517,BE
2516,BE
3860,BE
3858,BE
2525,NE
2523,NE
2520,BE
3852,BE
3853,BE
3854,BE
3855,BE
3856,BE
3857,BE
2540,SO
1206,GE
2537,BE
1205,GE
2536,BE
1204,GE
2535,BE
1203,GE
2534,BE
1202,GE
2533,BE
1201,GE
2532,BE
1200,GE
3862,BE
3863,BE
3864,BE
1209,GE
1208,GE
1207,GE
2538,BE
1220,GE
6906,TI
1217,GE
1216,GE
6908,TI
1215,GE
6907,TI
2545,SO
1214,GE
2544,SO
1213,GE
1212,GE
2543,BE
1211,GE
2542,BE
6900,TI
6902,TI
6901,TI
6904,TI
1219,GE
6903,TI
1218,GE
1231,GE
2562,BE
2560,BE
6917,TI
1228,GE
6916,TI
1227,GE
2558,BE
6919,TI
1226,GE
2557,BE
6918,TI
1225,GE
2556,BE
1224,GE
2555,BE
1223,GE
2554,BE
1222,GE
2553,BE
2552,BE
6913,TI
6912,TI
6915,TI
6914,TI
1242,GE
1241,GE
2572,BE
1240,GE
6928,TI
1239,GE
6927,TI
1237,GE
6929,TI
1236,GE
1234,GE
2565,BE
1233,GE
2564,BE
1232,GE
2563,BE
6922,TI
6921,TI
6924,TI
6926,TI
6925,TI
1253,GE
1252,GE
1251,GE
6939,TI
5607,AG
6938,TI
5608,AG
1248,GE
1247,GE
1246,GE
2577,BE
1245,GE
2576,BE
1244,GE
2575,BE
1243,GE
6930,TI
5600,AG
6933,TI
6932,TI
6935,TI
5603,AG
6934,TI
5604,AG
6937,TI
5605,AG
6936,TI
5606,AG
6951,TI
6950,TI
5620,AG
1264,VD
1263,VD
1262,VD
1261,VD
1260,VD
5618,AG
6949,TI
5619,AG
1258,GE
1257,GE
1256,GE
1255,GE
1254,GE
6942,TI
5610,AG
5611,AG
6944,TI
5612,AG
6943,TI
5613,AG
6946,TI
5614,AG
6945,TI
5615,AG
6948,TI
5616,AG
6947,TI
5617,AG
6960,TI
6962,TI
5630,AG
1275,VD
1274,VD
1273,VD
1272,VD
1271,VD
1270,VD
1269,VD
1268,VD
1267,VD
1266,VD
1265,VD
6953,TI
5621,AG
6952,TI
5622,AG
6955,TI
5623,AG
6954,TI
5624,AG
6957,TI
5625,AG
6956,TI
5626,AG
6959,TI
5627,AG
6958,TI
5628,AG
4310,AG
5642,AG
1286,GE
1285,GE
1284,GE
1283,GE
1281,GE
1279,VD
1278,VD
1277,VD
1276,VD
6964,TI
5632,AG
6963,TI
4302,BL
6966,TI
4303,AG
5634,AG
6965,TI
4304,BL
6968,TI
4305,AG
5636,AG
6967,TI
5637,AG
6980,TI
6982,TI
6981,TI
6984,TI
6983,TI
4322,AG
1297,VD
1296,VD
1295,VD
1294,GE
1293,GE
1292,GE
1291,VD
1290,GE
1288,GE
1287,GE
4312,AG
5643,AG
6974,TI
4313,AG
5644,AG
6977,TI
4314,AG
5645,AG
6976,TI
4315,AG
5646,AG
6979,TI
4316,AG
5647,AG
6978,TI
4317,AG
6991,TI
6990,TI
6993,TI
6992,TI
6995,TI
4332,AG
6994,TI
4333,AG
3002,BE
3001,BE
3000,BE
1299,VD
1298,GE
6986,TI
4323,AG
4324,AG
6988,TI
4325,AG
6987,TI
6989,TI
8700,ZH
3013,BE
3012,BE
3011,BE
3010,BE
3008,BE
3007,BE
3006,BE
3005,BE
3004,BE
3003,BE
6997,TI
4334,AG
6996,TI
6999,TI
6998,TI
3024,BE
3020,BE
3019,BE
3018,BE
3015,BE
3014,BE
8703,ZH
8704,ZH
8702,ZH
8707,ZH
8708,ZH
8706,ZH
8722,SG
3035,BE
3034,BE
3033,BE
3032,BE
3030,BE
3029,BE
3027,BE
8714,ZH
8715,SG
8712,ZH
8713,ZH
8718,SG
8716,SG
8717,SG
8732,SG
8733,SG
8730,SG
7402,GR
3046,BE
3045,BE
3044,BE
3043,BE
3042,BE
3041,BE
3040,BE
3039,BE
3038,BE
3037,BE
3036,BE
8725,SG
8726,SG
8723,SG
8727,SG
8740,SG
7411,GR
7413,GR
7412,GR
3054,BE
3053,BE
3052,BE
3050,BE
3049,BE
3048,BE
3047,BE
7404,GR
8737,SG
7403,GR
8734,SG
8735,SG
7405,GR
7408,GR
7407,GR
8738,SG
8739,SG
8750,GL
8751,UR
7422,GR
8754,GL
7421,GR
8755,GL
7424,GR
8752,GL
7423,GR
8753,GL
3068,BE
3067,BE
3066,BE
3065,BE
3063,BE
7415,GR
7414,GR
7417,GR
7416,GR
7419,GR
7418,GR
3071,BE
8762,GL
7431,GR
7430,GR
6102,LU
7433,GR
8765,GL
7432,GR
8766,GL
7435,GR
6103,LU
7434,GR
3078,BE
3077,BE
3076,BE
3075,BE
3074,BE
3073,BE
3072,BE
7426,GR
8758,GL
7425,GR
8759,GL
7428,GR
8756,GL
7427,GR
8757,GL
7440,GR
8772,GL
3082,BE
8773,GL
7442,GR
6110,LU
6113,LU
7444,GR
6112,LU
7443,GR
8777,GL
7446,GR
8774,GL
6114,LU
7445,GR
8775,GL
3089,BE
3088,BE
3087,BE
3086,BE
3085,BE
3084,BE
3083,BE
6106,LU
7437,GR
6105,LU
7436,GR
8767,GL
7438,GR
7451,GR
8783,GL
7450,GR
8784,GL
6122,LU
7453,GR
7452,GR
8782,GL
7455,GR
6123,LU
7454,GR
6126,LU
7457,GR
6125,LU
7456,GR
3099,BE
3098,BE
3097,BE
3096,BE
3095,BE
7448,GR
7447,GR
7462,GR
6130,LU
6133,LU
7464,GR
6132,LU
7463,GR
7460,GR
7459,GR
7458,GR
6142,LU
7473,GR
7472,GR
6144,LU
6143,LU
6146,LU
7477,GR
6145,LU
6147,LU
6153,LU
7484,GR
6152,LU
6154,LU
6156,LU
7482,GR
6163,LU
7494,GR
6166,LU
6167,LU
6160,LU
6162,LU
7493,GR
7492,GR
9201,SG
6174,LU
9200,SG
9205,SG
9203,SG
9204,SG
6170,LU
6173,LU
9212,SG
9213,TG
9216,TG
9217,TG
9214,TG
9215,TG
6182,LU
3902,VS
3903,VS
3904,VS
3905,VS
3906,VS
3907,VS
3908,VS
3900,VS
3901,VS
9223,TG
6197,BE
6196,LU
9225,TG
9220,TG
6192,LU
3913,VS
3914,VS
3916,VS
3917,VS
3918,VS
3919,VS
3910,VS
3911,VS
3912,VS
9230,SG
9231,SG
3924,VS
3925,VS
3926,VS
3927,VS
3928,VS
3929,VS
3920,VS
3922,VS
3923,VS
9245,SG
9246,SG
9243,SG
9244,SG
9249,SG
9247,SG
9248,SG
9242,SG
9240,SG
3935,VS
2603,BE
3937,VS
3938,VS
3939,VS
3930,VS
2608,BE
3931,VS
2607,BE
3932,VS
2606,BE
3933,VS
2605,BE
3934,VS
2604,BE
3946,VS
3947,VS
2613,BE
3948,VS
2612,BE
3949,VS
2610,BE
3940,VS
3942,VS
3943,VS
3944,VS
2616,BE
3945,VS
2615,BE
3957,VS
3951,VS
3952,VS
3953,VS
3954,VS
3955,VS
3956,VS
3970,VS
3968,VS
1305,VD
1304,VD
1303,VD
1302,VD
3960,VS
3961,VS
3963,VS
3965,VS
1308,VD
3966,VS
1307,VD
3967,VS
1306,VD
3979,VS
1316,VD
1315,VD
1313,VD
1312,VD
3971,VS
3972,VS
3973,VS
3974,VS
3975,VS
3976,VS
3977,VS
1318,VD
3978,VS
1317,VD
3991,VS
3992,VS
1326,VD
1325,VD
1324,VD
1323,VD
1322,VD
1321,VD
3982,VS
3983,VS
3984,VS
3985,VS
3986,VS
3987,VS
3988,VS
1329,VD
3989,VS
1341,VD
1338,VD
1337,VD
3993,VS
3994,VS
3995,VS
3996,VS
3997,VS
3998,VS
3999,VS
1352,VD
1350,VD
5706,AG
1348,VD
5707,AG
1347,VD
5708,AG
1346,VD
1345,VD
1344,VD
1343,VD
1342,VD
5702,AG
5703,AG
5704,AG
5705,AG
1358,VD
1357,VD
1356,VD
1355,VD
1354,VD
1353,VD
5712,AG
1374,VD
1373,VD
1372,VD
5728,AG
5722,AG
5723,AG
5724,AG
5725,AG
5726,AG
5727,AG
4410,BL
1377,VD
1376,VD
1375,VD
5732,AG
4402,BL
5733,AG
5734,AG
5735,LU
5736,AG
5737,AG
4421,SO
4419,BL
4411,BL
5742,AG
4412,SO
4413,SO
4414,BL
5745,AG
5746,SO
4415,BL
4416,BL
4417,BL
4418,BL
4431,BL
4432,BL
4422,BL
4423,BL
4424,BL
4425,BL
4426,BL
4441,BL
4442,BL
4443,BL
3112,BE
3111,BE
3110,BE
4433,BL
4434,BL
4435,BL
4436,BL
4437,BL
4438,BL
4450,BL
4451,BL
8810,ZH
4452,BL
4453,BL
3123,BE
3122,BE
8808,SZ
3116,BE
3115,BE
3114,BE
3113,BE
8802,ZH
4444,BL
8803,ZH
4445,BL
8800,ZH
4446,BL
4447,BL
8806,SZ
4448,BL
8807,SZ
8804,ZH
8805,ZH
4460,BL
4461,BL
8820,ZH
4462,BL
4463,BL
4464,BL
4465,BL
3132,BE
3128,BE
3127,BE
3126,BE
3125,BE
3124,BE
4455,BL
4456,BL
4457,BL
4458,BL
8815,ZH
8816,ZH
8832,SZ
7500,GR
3145,BE
3144,BE
8824,ZH
4466,BL
8825,ZH
4467,BL
4468,SO
4469,BL
8842,SZ
8843,SZ
8840,SZ
7512,GR
8841,SZ
3156,BE
3155,BE
3154,BE
3153,BE
3152,BE
3150,BE
3148,BE
3147,BE
8835,SZ
7503,GR
8836,SZ
7502,GR
8833,ZH
7505,GR
8834,SZ
7504,GR
4492,BL
4493,BL
4494,BL
8853,SZ
4495,BL
8854,SZ
4496,BL
7523,GR
4497,BL
8852,SZ
7522,GR
3159,BE
3158,BE
3157,BE
8846,SZ
7514,GR
8847,SZ
7513,GR
8844,SZ
7516,GR
8845,SZ
7515,GR
7517,GR
8849,SZ
7530,GR
8864,SZ
7532,GR
8865,GL
8862,SZ
6203,LU
7534,GR
8863,SZ
7533,GR
3178,FR
3177,BE
3176,BE
3175,FR
3174,BE
3173,BE
3172,BE
8857,SZ
7525,GR
8858,SZ
7524,GR
8855,SZ
7527,GR
8856,SZ
7526,GR
8872,SG
6210,LU
6212,LU
7543,GR
6211,LU
7542,GR
8873,SG
6214,LU
7545,GR
6213,LU
8874,GL
3186,FR
3185,FR
3184,FR
3183,BE
3182,FR
3179,BE
6205,LU
7536,GR
8868,GL
6204,LU
7535,GR
8866,SG
6207,LU
6206,LU
7537,GR
8867,GL
6208,LU
8882,SG
7550,GR
8883,SG
8880,SG
6221,LU
7552,GR
8881,SG
7551,GR
8886,SG
7554,GR
8887,SG
6222,LU
7553,GR
8884,SG
7556,GR
8885,SG
8879,SG
6216,LU
6215,LU
7546,GR
8877,SG
6218,LU
8878,SG
6217,LU
8893,SG
8894,SG
7560,GR
6232,LU
7563,GR
8892,SG
6231,LU
7562,GR
8897,SG
6234,LU
8898,SG
6233,LU
8895,SG
6236,LU
8896,SG
6235,LU
8890,SG
7558,GR
7557,GR
8888,SG
8889,SG
7559,GR
6243,LU
6242,LU
6245,LU
6244,LU
6247,LU
6246,LU
6252,LU
6253,LU
6248,LU
6263,LU
6262,LU
6265,LU
6264,LU
6260,LU
9300,SG
6274,LU
9301,SG
6276,LU
6275,LU
9304,SG
9305,SG
6277,LU
6285,LU
9312,SG
6284,LU
6287,LU
6286,LU
9315,TG
6289,LU
6288,LU
9313,SG
9314,TG
6281,LU
6280,LU
6283,LU
9308,SG
9306,TG
9322,TG
9323,SG
6295,LU
9320,TG
9326,TG
9327,SG
9325,TG
6294,LU
8002,ZH
8003,ZH
8000,ZH
8001,ZH
8006,ZH
8004,ZH
8005,ZH
8012,ZH
8010,ZH
8008,ZH
8024,ZH
8022,ZH
8027,ZH
8021,ZH
2713,BE
2712,BE
2710,BE
2718,JU
2717,BE
2716,BE
2715,BE
2714,JU
8036,ZH
8034,ZH
8037,ZH
8038,ZH
8031,ZH
8032,ZH
2723,BE
2722,BE
2720,BE
8046,ZH
8047,ZH
8044,ZH
8045,ZH
8048,ZH
8049,ZH
8042,ZH
8040,ZH
8041,ZH
1404,VD
2735,BE
2733,BE
1401,VD
2732,BE
1400,VD
1409,VD
1408,VD
1407,VD
2738,BE
1406,VD
1405,VD
2736,BE
8057,ZH
8058,ZH
8055,ZH
8050,ZH
8053,ZH
8051,ZH
8052,ZH
1415,VD
2746,BE
2745,BE
1413,VD
2744,BE
1412,VD
2743,BE
2742,BE
1410,FR
2740,BE
1418,VD
1417,VD
2748,BE
1416,VD
2747,BE
8060,ZH
8064,ZH
8063,ZH
1426,VD
1425,VD
1424,VD
1423,VD
1422,VD
1421,VD
1420,VD
1429,VD
1428,VD
1427,VD
8071,ZH
1440,VD
8070,ZH
8075,ZH
8074,ZH
1437,VD
1436,VD
1435,VD
1434,VD
1433,VD
1432,VD
1431,VD
2762,BE
1430,VD
1439,VD
1438,VD
8088,ZH
1450,VD
8080,ZH
8081,ZH
8086,ZH
8087,ZH
8085,ZH
1446,VD
1445,VD
1443,VD
1442,VD
1441,VD
8099,ZH
8093,ZH
1462,VD
8091,ZH
8092,ZH
8098,ZH
8096,ZH
8090,ZH
1454,VD
1453,VD
1452,VD
1473,FR
1470,FR
1468,FR
1464,VD
1463,VD
1484,FR
1483,FR
1482,FR
4509,SO
1475,FR
1474,FR
4500,SO
4501,SO
4502,SO
4503,SO
1489,FR
1486,FR
1485,FR
4512,SO
4513,SO
4514,SO
4515,SO
4522,SO
4523,SO
4524,SO
4525,SO
4528,SO
4542,SO
3210,FR
3208,BE
3207,BE
3206,BE
3205,BE
3204,BE
3203,BE
3202,BE
4532,SO
4533,SO
4534,SO
4535,SO
4536,BE
4537,BE
4538,BE
4539,BE
4551,SO
4552,SO
4553,SO
8909,ZH
8907,ZH
8908,ZH
3216,FR
3215,FR
3214,FR
3213,FR
3212,FR
8901,ZH
4543,SO
8902,ZH
8905,AG
8906,ZH
8903,ZH
8904,ZH
4562,SO
4563,SO
4564,BE
3233,BE
3232,BE
8918,AG
8919,AG
3226,BE
3225,BE
8912,ZH
4554,SO
8913,ZH
8910,ZH
4556,SO
8911,ZH
4557,SO
4558,SO
8916,AG
8917,AG
8914,ZH
8915,ZH
4571,SO
4573,SO
4574,SO
3238,BE
3237,BE
3236,BE
3235,BE
3234,BE
4565,SO
4566,SO
8925,ZH
8926,ZH
4581,SO
4582,SO
4583,SO
8942,ZH
4584,SO
4585,SO
4586,SO
7610,GR
3255,BE
3254,SO
3253,SO
3252,BE
3251,BE
3250,BE
8934,ZH
4576,SO
7602,GR
4577,SO
8932,ZH
4578,SO
7604,GR
8933,ZH
4579,SO
7603,GR
7606,GR
7605,GR
7608,GR
8952,ZH
8953,ZH
8951,ZH
3266,BE
3264,BE
3263,BE
3262,BE
3257,BE
3256,BE
4587,SO
4588,SO
6300,ZG
8964,AG
6302,ZG
6301,ZG
8962,AG
3274,BE
3273,BE
3272,BE
3271,BE
3270,BE
3268,BE
3267,BE
8956,AG
8957,AG
8954,ZH
8955,ZH
3280,FR
6310,ZG
6313,ZG
6312,ZG
3286,FR
3285,FR
3284,FR
3283,BE
3282,BE
8967,AG
6303,ZG
8965,AG
8966,AG
3298,BE
3297,BE
3296,BE
3295,BE
3294,BE
3293,BE
3292,BE
6315,ZG
6314,ZG
6317,ZG
6319,ZG
6318,ZG
6331,ZG
6330,ZG
5000,AG
6333,ZG
5001,AG
6332,ZG
5004,AG
6340,ZG
6341,ZG
5012,SO
6344,LU
6343,ZG
5013,SO
5014,SO
6345,ZG
5015,SO
6353,LU
5022,AG
5023,AG
6354,LU
5024,AG
5025,AG
6356,LU
5026,AG
5017,AG
5018,AG
6349,ZG
6362,NW
5032,AG
6363,NW
5033,AG
5034,AG
6365,NW
5035,AG
5036,AG
5037,AG
5027,AG
5028,AG
6373,NW
9400,SG
6372,NW
5042,AG
6375,NW
5043,AG
6374,NW
5044,AG
6377,UR
9403,SG
9404,SG
6376,NW
5046,AG
9401,SG
9402,SG
6371,NW
6370,NW
5040,AG
9410,AR
6383,NW
9411,AR
5053,AG
6386,NW
5054,AG
6388,OW
5056,AG
6387,NW
5057,AG
5058,AG
9413,AI
6382,NW
9405,AR
5063,AG
9422,SG
5064,AG
9425,SG
9426,AR
9423,SG
9424,SG
6391,OW
6390,OW
5062,AG
5074,AG
8102,ZH
5075,AG
9430,SG
5076,AG
5077,AG
8105,ZH
9436,SG
5078,AG
8106,ZH
9437,SG
5079,AG
8103,ZH
9434,SG
8104,ZH
9435,SG
5070,AG
5072,AG
5073,AG
9427,AR
9428,AR
8112,ZH
9443,SG
5085,AG
8113,ZH
9444,SG
9442,AI
8117,ZH
8114,ZH
9445,SG
8115,ZH
5080,AG
5082,AG
5083,AG
5084,AG
2800,JU
8109,AG
8107,ZH
2807,JU
8108,ZH
2806,JU
2805,JU
2803,JU
2802,JU
8123,ZH
8124,ZH
8121,ZH
9452,SG
8122,ZH
9453,SG
8127,ZH
8125,ZH
8126,ZH
9450,SG
9451,SG
2812,JU
8118,ZH
2814,BL
2813,JU
8134,ZH
9465,SG
8135,ZH
9466,SG
8132,ZH
9463,SG
8133,ZH
9464,SG
9469,SG
8136,ZH
9467,SG
9468,SG
9462,SG
2823,JU
2822,JU
2829,JU
2828,JU
2827,BE
2826,JU
2825,JU
2824,JU
9476,SG
9477,SG
8143,ZH
9475,SG
9478,SG
9479,SG
9472,SG
8142,ZH
9473,SG
9470,SG
9471,SG
2832,JU
2830,JU
1509,VD
8156,ZH
8157,ZH
8154,ZH
8155,ZH
8158,ZH
8152,ZH
8153,ZH
1514,VD
1513,VD
1512,VD
2843,JU
2842,JU
1510,VD
1515,VD
8165,ZH
8166,ZH
8164,ZH
8162,ZH
1525,VD
2856,JU
1524,VD
2855,JU
1523,VD
2854,JU
1522,VD
2853,JU
1521,VD
2852,JU
1529,FR
1528,FR
1527,FR
1526,VD
2857,JU
8174,ZH
8175,ZH
8172,ZH
8173,ZH
1536,VD
1535,VD
1534,FR
2864,JU
1533,FR
2863,JU
1532,FR
1530,VD
1538,VD
1537,VD
8187,ZH
8181,ZH
8182,ZH
8180,ZH
8185,ZH
8184,ZH
1545,VD
1544,FR
1543,VD
2873,JU
1542,FR
1541,FR
8192,ZH
8193,ZH
8196,ZH
8197,ZH
8194,ZH
8195,ZH
2889,JU
2888,JU
2887,JU
1555,VD
2886,JU
1554,VD
2885,JU
2884,JU
1553,FR
1552,VD
2883,JU
1551,VD
2882,JU
1568,FR
1567,FR
1566,FR
1565,FR
1564,FR
1563,FR
1562,VD
1583,FR
1580,VD
4609,SO
4600,SO
4601,SO
4617,SO
4618,SO
1589,VD
1588,VD
1587,VD
1586,VD
1585,VD
1584,VD
4612,SO
4613,SO
4614,SO
4615,SO
4616,SO
4628,SO
4629,SO
1595,BE
4622,SO
4623,SO
4624,SO
4625,SO
4626,SO
3307,SO
3306,BE
3305,BE
3303,BE
3302,BE
4632,SO
4633,SO
4634,SO
3309,BE
3308,BE
4652,SO
3321,BE
3317,BE
3315,BE
3314,BE
3313,BE
3312,BE
4663,AG
2001,NE
2000,NE
3326,BE
3325,BE
3324,BE
3323,BE
3322,BE
4653,SO
4654,SO
4655,SO
4656,SO
4657,SO
4658,SO
2012,NE
2010,NE
2002,NE
4665,AG
7710,GR
2023,NE
2022,NE
2019,NE
2017,NE
2016,NE
2015,NE
2014,NE
2013,NE
2034,NE
3365,BE
3363,BE
3362,BE
3360,BE
2028,NE
2027,NE
2025,NE
2024,NE
3376,BE
3375,BE
2043,NE
3374,BE
2042,NE
3373,BE
3372,BE
2037,NE
3368,BE
2036,NE
3367,BE
2035,NE
3366,BE
6410,SZ
7741,GR
7743,GR
7742,GR
2056,NE
2054,NE
2053,NE
2052,NE
3380,BE
2046,NE
3377,BE
6403,SZ
6402,SZ
6405,SZ
6404,LU
6423,SZ
6422,SZ
2067,NE
2065,NE
2063,NE
2058,NE
2057,NE
6414,SZ
7745,GR
7744,GR
6416,SZ
7747,GR
6415,SZ
7746,GR
6418,SZ
6417,SZ
7748,GR
6430,SZ
6432,SZ
6431,SZ
6434,SZ
5102,AG
6433,SZ
5103,AG
2075,NE
2074,NE
2073,NE
2072,NE
2068,NE
6424,SZ
6441,UR
6440,SZ
6443,SZ
6442,SZ
5112,AG
5113,AG
2088,NE
2087,NE
6436,SZ
5105,AG
6438,SZ
5106,AG
5107,AG
5108,AG
6452,SZ
6454,UR
5116,AG
6461,UR
6460,UR
6463,UR
6462,UR
6465,UR
6464,UR
6467,UR
6466,UR
6472,UR
6474,UR
6473,UR
6476,UR
9502,TG
6475,UR
9503,TG
9500,SG
9501,SG
6469,UR
6468,UR
6482,UR
6485,UR
6484,UR
6487,UR
9514,TG
9512,SG
9506,TG
9507,TG
9504,TG
9508,TG
6493,UR
9524,SG
9525,SG
9523,SG
6490,UR
6491,UR
9517,TG
9515,TG
8200,SH
8201,SH
9532,SG
9535,TG
9536,SG
9533,SG
8203,SH
9534,SG
9526,SG
9527,SG
9542,TG
9543,TG
8212,SH
9546,TG
8215,SH
9547,TG
8216,SH
8213,SH
9545,TG
8214,SH
2900,JU
8208,SH
2908,JU
2907,JU
2906,JU
8207,SH
2905,JU
2904,JU
2903,JU
2902,JU
9553,TG
8222,SH
9554,TG
8223,SH
9552,SG
8226,SH
9555,TG
8224,SH
9556,TG
8225,SH
8219,SH
9548,TG
8217,SH
8218,SH
2916,JU
2915,JU
2914,JU
2912,JU
8233,SH
9565,TG
8234,SH
9562,TG
8231,SH
8232,SH
8235,SH
8236,SH
2922,JU
8228,SH
2926,JU
2925,JU
2924,JU
2923,JU
8245,ZH
9573,TG
8242,SH
8243,SH
8248,ZH
8246,ZH
8247,ZH
8240,SH
8241,SH
2933,JU
2932,JU
1609,FR
8239,SH
1608,FR
1607,VD
2935,JU
8255,TG
8253,TG
8254,TG
8259,TG
8252,TG
1613,VD
2944,JU
1612,VD
2943,JU
2942,JU
1611,FR
1610,VD
1619,FR
1618,FR
1617,FR
2947,JU
1616,FR
2946,JU
1615,FR
1614,FR
8266,TG
8267,TG
8264,TG
8265,TG
8268,TG
8269,TG
8262,SH
8263,SH
8260,SH
8261,SH
1624,FR
2954,JU
1623,FR
2953,JU
2952,JU
2950,JU
1628,FR
1627,FR
1626,FR
1625,FR
8273,TG
8274,TG
8272,TG
1635,FR
1634,FR
1633,FR
1632,FR
1630,FR
1638,FR
1637,FR
1636,FR
8280,TG
8285,TG
1646,FR
1645,FR
1644,FR
1643,FR
1642,FR
1649,FR
1648,FR
1647,FR
1660,VD
1657,BE
1656,FR
1654,FR
1653,FR
1652,FR
1651,FR
1659,VD
1658,VD
1670,FR
1667,FR
1666,FR
1665,FR
1663,FR
1661,FR
1669,FR
1682,VD
1681,FR
1680,FR
1679,FR
1678,FR
1677,FR
1676,FR
1675,FR
1674,FR
1673,FR
4702,SO
4703,SO
4704,BE
1692,FR
1691,FR
1690,FR
4716,SO
4717,SO
1689,FR
4718,SO
1688,FR
4719,SO
1687,FR
1686,FR
1685,FR
1684,FR
1683,VD
4710,SO
4712,SO
4713,SO
4714,SO
4715,SO
1699,FR
1697,FR
1696,FR
1695,FR
1694,FR
3401,BE
3400,BE
3417,BE
3416,BE
3415,BE
3414,BE
3413,BE
3412,BE
3419,BE
3418,BE
3428,BE
3427,BE
3426,BE
3425,BE
3424,BE
3423,BE
3422,BE
3421,BE
3429,BE
2108,NE
3439,BE
3438,BE
3437,BE
2105,NE
3436,BE
3435,BE
2103,NE
3434,BE
3433,BE
3432,BE
3453,BE
3452,BE
2117,NE
2116,NE
2115,NE
2114,NE
2113,NE
2112,NE
3464,BE
3463,BE
3462,BE
2127,NE
2126,NE
3457,BE
3456,BE
2124,NE
3455,BE
2123,NE
3454,BE
6500,TI
3475,BE
3474,BE
3473,BE
3472,BE
3465,BE
2149,NE
3476,BE
6501,TI
6503,TI
6513,TI
6512,TI
6515,TI
6514,TI
6517,TI
6516,TI
6518,TI
5200,AG
6533,TI
5201,AG
6532,TI
6524,TI
6523,TI
6526,TI
6525,TI
6528,TI
6527,TI
6540,GR
6542,GR
5210,AG
6541,GR
6544,GR
5212,AG
6543,GR
5213,AG
6535,GR
6534,GR
6537,GR
6538,GR
5222,AG
5223,AG
6546,GR
6545,GR
6548,GR
6547,GR
6549,GR
6562,GR
5232,AG
6563,GR
5233,AG
5234,AG
6565,GR
5235,AG
6557,GR
5225,AG
6556,GR
6558,GR
6571,TI
6573,TI
6572,TI
5242,AG
6575,TI
9601,SG
5243,AG
6574,TI
9602,SG
5244,AG
6577,TI
5245,AG
6576,TI
5246,AG
5236,AG
5237,AG
6582,TI
6584,TI
6583,TI
9612,SG
9613,SG
6579,TI
6578,TI
9606,SG
9604,SG
9607,SG
9608,SG
6593,TI
6592,TI
9620,SG
6595,TI
6594,TI
6597,TI
6596,TI
6599,TI
9621,SG
6598,TI
9622,SG
9614,SG
9615,SG
9630,SG
5272,AG
9631,SG
5273,AG
5274,AG
5275,AG
8303,ZH
5276,AG
8304,ZH
5277,AG
8302,ZH
9633,SG
8310,ZH
8311,ZH
9642,SG
8314,ZH
8315,ZH
8312,ZH
9643,SG
8307,ZH
8308,ZH
8305,ZH
8306,ZH
8309,ZH
9652,SG
8322,ZH
9650,SG
8320,ZH
9651,SG
9656,SG
9657,SG
9655,SG
8317,ZH
8332,ZH
7000,GR
8330,ZH
8331,ZH
7001,GR
7004,GR
7006,GR
8335,ZH
9658,SG
8344,ZH
7013,GR
8342,ZH
7012,GR
7015,GR
7014,GR
8345,ZH
7017,GR
7016,GR
8340,ZH
1700,FR
7007,GR
8354,ZH
8355,TG
8352,ZH
8353,ZH
7023,GR
7026,GR
8356,TG
7028,GR
8357,TG
7027,GR
1712,FR
7019,GR
7018,GR
1719,FR
1718,FR
1717,FR
1716,FR
1715,FR
1714,FR
1713,FR
7032,GR
8363,TG
8362,TG
7031,GR
8360,TG
1723,FR
1722,FR
1721,FR
1720,FR
7029,GR
1728,FR
1727,FR
1726,FR
1725,FR
1724,FR
8376,TG
8374,TG
8372,TG
8370,TG
8371,TG
1734,FR
1733,FR
1732,FR
1731,FR
1730,FR
1738,BE
1737,FR
1736,FR
1735,FR
7057,GR
7056,GR
7058,GR
7050,GR
1745,FR
1744,FR
1742,FR
1741,FR
1740,FR
1749,FR
1748,FR
1747,FR
1746,FR
7062,GR
7064,GR
7063,GR
1756,FR
1754,FR
1753,FR
1752,FR
1757,FR
7077,GR
7076,GR
7078,GR
7075,GR
7074,GR
1763,FR
1762,FR
7082,GR
7084,GR
7083,GR
4805,AG
4806,LU
1776,FR
1775,FR
4807,AG
1774,FR
4808,AG
1773,FR
4809,AG
1772,FR
4800,AG
4801,AG
4802,AG
4803,AG
1792,FR
1791,FR
1789,FR
1788,FR
1787,FR
1786,FR
1785,FR
1784,FR
1783,FR
1782,FR
4812,AG
4813,AG
4814,AG
1797,BE
1796,FR
1795,FR
1794,FR
1793,FR
3504,BE
3503,BE
3508,BE
3507,BE
3506,BE
3513,BE
3512,BE
3510,BE
4852,AG
4853,AG
4856,AG
2207,NE
3538,BE
2206,NE
3537,BE
3536,BE
3535,BE
3534,BE
3533,BE
3532,BE
3531,BE
2208,NE
3552,BE
3551,BE
3550,BE
3543,BE
3557,BE
3556,BE
3555,BE
3553,BE
6601,TI
6600,TI
6602,TI
6605,TI
6604,TI
6612,TI
6611,TI
6614,TI
6613,TI
6616,TI
6618,TI
6632,TI
5300,AG
6631,TI
5301,AG
6622,TI
5312,AG
6634,TI
6633,TI
5303,AG
6636,TI
5304,AG
6635,TI
5305,AG
5306,AG
6637,TI
6652,TI
6654,TI
5322,AG
6653,TI
5323,AG
6645,TI
5313,AG
6644,TI
5314,AG
6647,TI
5315,AG
6646,TI
5316,AG
5317,AG
6648,TI
5318,AG
6661,TI
5330,AG
6663,TI
4000,BS
6662,TI
4001,BS
5332,AG
4002,BS
5333,AG
6664,TI
5334,AG
6656,TI
5324,AG
6655,TI
5325,AG
6658,TI
5326,AG
6657,TI
6659,TI
6670,TI
6672,TI
4010,BS
6674,TI
6673,TI
6676,TI
6675,TI
4005,BS
4009,BS
6683,TI
4020,BS
6682,TI
6685,TI
6684,TI
6678,TI
6677,TI
4018,BS
4019,BS
6692,TI
4030,BS
6694,TI
4031,BS
6693,TI
6696,TI
6695,TI
6690,TI
4040,BL
4041,BS
4042,BL
8403,ZH
8400,ZH
8401,ZH
4039,BS
4051,BS
4052,BS
4053,BS
4054,BS
8413,ZH
4055,BS
8414,ZH
4056,BS
4057,BS
8412,ZH
4058,BS
8406,ZH
8404,ZH
8405,ZH
8408,ZH
8409,ZH
8421,ZH
8424,ZH
8425,ZH
8422,ZH
4059,BS
8418,ZH
8415,ZH
8416,ZH
4075,BS
7104,GR
4070,BS
8428,ZH
8426,ZH
8427,ZH
8442,ZH
7110,GR
7112,GR
7111,GR
7114,GR
8447,ZH
7113,GR
4089,BS
8444,ZH
7116,GR
1809,VD
7115,GR
1800,VD
1808,VD
7107,GR
1807,VD
7106,GR
1806,VD
7109,GR
1805,VD
1804,VD
1803,VD
1802,VD
1801,VD
8453,ZH
8454,SH
8451,ZH
8452,ZH
7122,GR
8457,ZH
8458,ZH
8455,SH
7127,GR
7126,GR
4091,BS
8450,ZH
1811,VD
1818,VD
1817,VD
1816,VD
1815,VD
1814,VD
8464,ZH
7132,GR
8465,ZH
8462,ZH
7134,GR
8463,ZH
8468,ZH
8466,ZH
7138,GR
8467,ZH
7137,GR
8460,ZH
8461,ZH
7130,GR
1822,VD
1820,VD
7128,GR
8459,ZH
1824,VD
1823,VD
8475,ZH
7143,GR
8476,ZH
7142,GR
7145,GR
8474,ZH
7144,GR
8479,ZH
7147,GR
7146,GR
8477,ZH
7149,GR
8478,ZH
7148,GR
8471,ZH
8472,ZH
7141,GR
1833,VD
1832,VD
8486,ZH
7154,GR
8487,ZH
7153,GR
8484,ZH
7156,GR
7155,GR
7158,GR
7157,GR
8488,ZH
8489,ZH
7159,GR
8482,ZH
8483,ZH
7152,GR
7151,GR
1844,VD
1847,VD
1846,VD
1845,VD
8497,ZH
7165,GR
8498,ZH
7164,GR
8495,ZH
7167,GR
8496,ZH
7166,GR
7168,GR
8499,ZH
8493,ZH
8494,ZH
7163,GR
8492,ZH
7162,GR
1854,VD
1853,VD
1852,VD
1856,VD
7176,GR
7175,GR
7172,GR
7174,GR
7173,GR
1866,VD
1865,VD
1864,VD
1863,VD
1862,VD
1860,VD
1869,VS
1868,VS
1867,VD
7187,GR
7186,GR
7189,GR
7188,GR
1880,VD
7180,GR
7183,GR
7182,GR
7185,GR
7184,GR
1875,VS
1874,VS
1873,VS
1872,VS
1871,VS
1870,VS
4900,BE
4901,BE
1891,VS
1890,VS
4914,BE
4915,LU
4916,BE
1885,VD
4917,BE
1884,VD
4919,BE
1882,VD
4911,BE
4912,BE
4913,BE
1899,VS
1898,VS
1897,VS
1896,VS
1895,VS
1893,VS
1892,VD
4922,BE
4923,BE
4924,BE
3604,BE
4936,BE
3603,BE
4937,BE
3602,BE
4938,BE
3600,BE
3609,BE
3608,BE
4932,BE
3607,BE
4933,BE
4934,BE
4935,BE
3615,BE
3614,BE
3613,BE
3612,BE
4942,BE
3619,BE
4943,BE
3618,BE
4944,BE
3617,BE
3616,BE
3626,BE
3625,BE
3624,BE
3623,BE
3622,BE
4950,BE
4952,BE
4953,BE
4954,BE
3629,BE
4955,BE
3628,BE
3627,BE
